{"name":"Auth Example","slug":"auth-example","info":"Example e-package for testing authentication","tags":["auth","example"],"format_version":"0.0.1","author_name":"Bornjre","author_email":"bornjre@gmail.com","author_site":"https://github.com/bornjre","source_code":"","license":"MIT","version":"0.0.1","update_url":"","artifacts":[{"namespace":"auth-example","kind":"space","executor_type":"luaz","executor_sub_type":"","server_file":"server.lua","route_options":{"router_type":"","serve_folder":"public","force_html_extension":false,"force_index_html_file":true,"trim_path_prefix":"","template_folder":"","routes":null},"mcp_options":{"enabled":false,"definition_file":""},"dev_serve_port":0,"dev_options":{"server_url":"","token":""}}]}